name,injury_date
"Bracho, Silvino",3/13/2019
"Bracho, Silvino",3/13/2019
"Fulmer, Michael",3/27/2019
"Fulmer, Michael",3/27/2019
"Espinoza, Anderson",4/22/2019
"Espinoza, Anderson",4/22/2019
"Rodón, Carlos",5/15/2019
"Rodón, Carlos",5/15/2019
"Martin, Corbin",7/3/2019
"Martin, Corbin",7/3/2019
"Taillon, Jameson",8/13/2019
"Taillon, Jameson",8/13/2019
"Robertson, David",8/15/2019
"Robertson, David",8/15/2019
"Moronta, Reyes",9/10/2019
"Moronta, Reyes",9/10/2019
"Mengden, Daniel",2/10/2020
"Mengden, Daniel",2/10/2020
"Severino, Luis",2/27/2020
"Severino, Luis",2/27/2020
"Burke, Brock",2/28/2020
"Burke, Brock",2/28/2020
"Díaz, Yennsy",3/9/2020
"Díaz, Yennsy",3/9/2020
"Armenteros, Rogelio",3/13/2020
"Armenteros, Rogelio",3/13/2020
"Muñoz, Andrés",3/20/2020
"Beede, Tyler",3/20/2020
"Muñoz, Andrés",3/20/2020
"Beede, Tyler",3/20/2020
"Syndergaard, Noah",3/26/2020
"Syndergaard, Noah",3/26/2020
"Sale, Chris",3/30/2020
"Sale, Chris",3/30/2020
"Archer, Chris",6/2/2020
"Archer, Chris",6/2/2020
"Brebbia, John",6/3/2020
"Brebbia, John",6/3/2020
"Tanaka, Masahiro",7/4/2020
"Tanaka, Masahiro",7/4/2020
"Nelson, Jimmy",7/7/2020
"Nelson, Jimmy",7/7/2020
"Castillo, José",7/8/2020
"Castillo, José",7/8/2020
"Anderson, Chase",7/9/2020
"Anderson, Chase",7/9/2020
"Tate, Dillon",7/10/2020
"Tate, Dillon",7/10/2020
"Chapman, Aroldis",7/11/2020
"Bautista, Gerson",7/11/2020
"Quintana, Jose",7/11/2020
"Hamels, Cole",7/11/2020
"Chapman, Aroldis",7/11/2020
"Bautista, Gerson",7/11/2020
"Quintana, Jose",7/11/2020
"Hamels, Cole",7/11/2020
"Steckenrider, Drew",7/13/2020
"Steckenrider, Drew",7/13/2020
"Harvey, Hunter",7/14/2020
"Harvey, Hunter",7/14/2020
"Lockett, Walker",7/16/2020
"Lockett, Walker",7/16/2020
"Stroman, Marcus",7/17/2020
"Stroman, Marcus",7/17/2020
"Zimmermann, Jordan",7/18/2020
"DeSclafani, Anthony",7/18/2020
"Wingenter, Trey",7/18/2020
"Zimmermann, Jordan",7/18/2020
"DeSclafani, Anthony",7/18/2020
"Wingenter, Trey",7/18/2020
"Anderson, Brett",7/19/2020
"Black, Ray",7/19/2020
"Anderson, Brett",7/19/2020
"Black, Ray",7/19/2020
"Odorizzi, Jake",7/20/2020
"Odorizzi, Jake",7/20/2020
"Kershaw, Clayton",7/21/2020
"Lambert, Peter",7/21/2020
"Kershaw, Clayton",7/21/2020
"Lambert, Peter",7/21/2020
"Anderson, Justin",7/22/2020
"Anderson, Justin",7/22/2020
"Holmes, Clay",7/24/2020
"Mikolas, Miles",7/24/2020
"Holmes, Clay",7/24/2020
"Mikolas, Miles",7/24/2020
"Wood, Alex",7/25/2020
"Stephenson, Robert",7/25/2020
"Elías, Roenis",7/25/2020
"Wieck, Brad",7/25/2020
"Brennan, Brandon",7/25/2020
"Wood, Alex",7/25/2020
"Stephenson, Robert",7/25/2020
"Elías, Roenis",7/25/2020
"Wieck, Brad",7/25/2020
"Brennan, Brandon",7/25/2020
"Ureña, José",7/26/2020
"Giles, Ken",7/26/2020
"Devenski, Chris",7/26/2020
"Biagini, Joe",7/26/2020
"López, Reynaldo",7/26/2020
"Leclerc, José",7/26/2020
"Kluber, Corey",7/26/2020
"Ureña, José",7/26/2020
"Giles, Ken",7/26/2020
"Devenski, Chris",7/26/2020
"Biagini, Joe",7/26/2020
"López, Reynaldo",7/26/2020
"Leclerc, José",7/26/2020
"Kluber, Corey",7/26/2020
"Miley, Wade",7/27/2020
"Crick, Kyle",7/27/2020
"Montgomery, Mike",7/27/2020
"Miley, Wade",7/27/2020
"Crick, Kyle",7/27/2020
"Montgomery, Mike",7/27/2020
"Bailey, Homer",7/28/2020
"Lambert, Jimmy",7/28/2020
"Harris, Will",7/28/2020
"Bailey, Homer",7/28/2020
"Lambert, Jimmy",7/28/2020
"Harris, Will",7/28/2020
"Hill, Rich",7/29/2020
"Norwood, James",7/29/2020
"Poche, Colin",7/29/2020
"Hill, Rich",7/29/2020
"Norwood, James",7/29/2020
"Poche, Colin",7/29/2020
"Littell, Zack",7/30/2020
"Coonrod, Sam",7/30/2020
"Domínguez, Seranthony",7/30/2020
"Littell, Zack",7/30/2020
"Coonrod, Sam",7/30/2020
"Domínguez, Seranthony",7/30/2020
"Weems, Jordan",7/31/2020
"Davis, Wade",7/31/2020
"Weems, Jordan",7/31/2020
"Davis, Wade",7/31/2020
"Osuna, Roberto",8/1/2020
"Keller, Mitch",8/1/2020
"Smyly, Drew",8/1/2020
"Feliz, Michael",8/1/2020
"Osuna, Roberto",8/1/2020
"Keller, Mitch",8/1/2020
"Smyly, Drew",8/1/2020
"Feliz, Michael",8/1/2020
"Graveman, Kendall",8/2/2020
"Bedrosian, Cam",8/2/2020
"Sparkman, Glenn",8/2/2020
"Chirinos, Yonny",8/2/2020
"Graveman, Kendall",8/2/2020
"Bedrosian, Cam",8/2/2020
"Sparkman, Glenn",8/2/2020
"Chirinos, Yonny",8/2/2020
"Chi González, Chi",8/3/2020
"Burdi, Nick",8/3/2020
"Rodón, Carlos",8/3/2020
"Chi González, Chi",8/3/2020
"Burdi, Nick",8/3/2020
"Rodón, Carlos",8/3/2020
"Kahnle, Tommy",8/4/2020
"Musgrove, Joe",8/4/2020
"Kahnle, Tommy",8/4/2020
"Musgrove, Joe",8/4/2020
"Kahnle, Tommy",8/4/2020
"Edwards Jr., Carl",8/5/2020
"Edwards Jr., Carl",8/5/2020
"Thornton, Trent",8/6/2020
"McClain, Reggie",8/6/2020
"Thornton, Trent",8/6/2020
"McClain, Reggie",8/6/2020
"Soroka, Michael",8/7/2020
"Martin, Chris",8/7/2020
"Samardzija, Jeff",8/7/2020
"Wacha, Michael",8/7/2020
"Bummer, Aaron",8/7/2020
"Strop, Pedro",8/7/2020
"Bleier, Richard",8/7/2020
"Palumbo, Joe",8/7/2020
"Soroka, Michael",8/7/2020
"Martin, Chris",8/7/2020
"Samardzija, Jeff",8/7/2020
"Wacha, Michael",8/7/2020
"Bummer, Aaron",8/7/2020
"Strop, Pedro",8/7/2020
"Bleier, Richard",8/7/2020
"Palumbo, Joe",8/7/2020
"Drake, Oliver",8/8/2020
"Kelly, Joe",8/8/2020
"Drake, Oliver",8/8/2020
"Kelly, Joe",8/8/2020
"Morton, Charlie",8/9/2020
"Bumgarner, Madison",8/9/2020
"Farmer, Buck",8/9/2020
"Morton, Charlie",8/9/2020
"Bumgarner, Madison",8/9/2020
"Farmer, Buck",8/9/2020
"López, Jorge",8/10/2020
"Doolittle, Sean",8/10/2020
"López, Jorge",8/10/2020
"Doolittle, Sean",8/10/2020
"Goody, Nick",8/11/2020
"Farrell, Luke",8/11/2020
"Means, John",8/11/2020
"Stashak, Cody",8/11/2020
"Hamilton, Ian",8/11/2020
"Kittredge, Andrew",8/11/2020
"Volquez, Edinson",8/11/2020
"Beasley, Jeremy",8/11/2020
"Griffin, Foster",8/11/2020
"Goody, Nick",8/11/2020
"Farrell, Luke",8/11/2020
"Means, John",8/11/2020
"Stashak, Cody",8/11/2020
"Hamilton, Ian",8/11/2020
"Kittredge, Andrew",8/11/2020
"Volquez, Edinson",8/11/2020
"Beasley, Jeremy",8/11/2020
"Griffin, Foster",8/11/2020
"Grimm, Justin",8/12/2020
"Martin, Brett",8/12/2020
"Grimm, Justin",8/12/2020
"Martin, Brett",8/12/2020
"Morin, Mike",8/13/2020
"Peterson, David",8/13/2020
"Morin, Mike",8/13/2020
"Peterson, David",8/13/2020
"Cortes, Nestor",8/14/2020
"Alvarado, José",8/14/2020
"Nova, Iván",8/14/2020
"Cortes, Nestor",8/14/2020
"Alvarado, José",8/14/2020
"Nova, Iván",8/14/2020
"Junis, Jakob",8/15/2020
"Chatwood, Tyler",8/15/2020
"Smith, Burch",8/15/2020
"Junis, Jakob",8/15/2020
"Chatwood, Tyler",8/15/2020
"Smith, Burch",8/15/2020
"Moran, Brian",8/16/2020
"Swanson, Erik",8/16/2020
"Moran, Brian",8/16/2020
"Swanson, Erik",8/16/2020
"Chafin, Andrew",8/17/2020
"Chafin, Andrew",8/17/2020
"Ríos, Yacksel",8/18/2020
"Pearson, Nate",8/18/2020
"Venditte, Pat",8/18/2020
"Pomeranz, Drew",8/18/2020
"Ríos, Yacksel",8/18/2020
"Pearson, Nate",8/18/2020
"Venditte, Pat",8/18/2020
"Pomeranz, Drew",8/18/2020
"Roe, Chaz",8/19/2020
"Yates, Kirby",8/19/2020
"Anderson, Nick",8/19/2020
"Báez, Pedro",8/19/2020
"Knebel, Corey",8/19/2020
"Britton, Zack",8/19/2020
"Freeman, Sam",8/19/2020
"Roe, Chaz",8/19/2020
"Yates, Kirby",8/19/2020
"Anderson, Nick",8/19/2020
"Báez, Pedro",8/19/2020
"Knebel, Corey",8/19/2020
"Britton, Zack",8/19/2020
"Freeman, Sam",8/19/2020
"James, Josh",8/20/2020
"Avilán, Luis",8/20/2020
"Harvey, Joe",8/20/2020
"Paxton, James",8/20/2020
"Guilbeau, Taylor",8/20/2020
"Alvarez, Jose",8/20/2020
"James, Josh",8/20/2020
"Avilán, Luis",8/20/2020
"Harvey, Joe",8/20/2020
"Paxton, James",8/20/2020
"Guilbeau, Taylor",8/20/2020
"Alvarez, Jose",8/20/2020
"Buehler, Walker",8/21/2020
"Odorizzi, Jake",8/21/2020
"Littell, Zack",8/21/2020
"Kela, Keone",8/21/2020
"Shoemaker, Matt",8/21/2020
"Tarpley, Stephen",8/21/2020
"Buehler, Walker",8/21/2020
"Odorizzi, Jake",8/21/2020
"Littell, Zack",8/21/2020
"Kela, Keone",8/21/2020
"Shoemaker, Matt",8/21/2020
"Tarpley, Stephen",8/21/2020
"Romero, Seth",8/22/2020
"Chavez, Jesse",8/22/2020
"Romero, Seth",8/22/2020
"Chavez, Jesse",8/22/2020
"LeBlanc, Wade",8/23/2020
"Miller, Andrew",8/23/2020
"LeBlanc, Wade",8/23/2020
"Miller, Andrew",8/23/2020
"Oswalt, Corey",8/25/2020
"Chirinos, Yonny",8/25/2020
"Oswalt, Corey",8/25/2020
"Chirinos, Yonny",8/25/2020
"Strasburg, Stephen",8/26/2020
"Strasburg, Stephen",8/26/2020
"Biddle, Jesse",8/27/2020
"Miley, Wade",8/27/2020
"Davis, Austin",8/27/2020
"Biddle, Jesse",8/27/2020
"Miley, Wade",8/27/2020
"Davis, Austin",8/27/2020
"Sánchez, Ricardo",8/28/2020
"Romano, Jordan",8/28/2020
"Yarbrough, Ryan",8/28/2020
"Widener, Taylor",8/28/2020
"Sánchez, Ricardo",8/28/2020
"Romano, Jordan",8/28/2020
"Yarbrough, Ryan",8/28/2020
"Widener, Taylor",8/28/2020
"Milner, Hoby",8/29/2020
"Morejon, Adrian",8/29/2020
"Perdomo, Luis",8/29/2020
"Hart, Kyle",8/29/2020
"Betances, Dellin",8/29/2020
"Matz, Steven",8/29/2020
"Armstrong, Shawn",8/29/2020
"Hernández, Darwinzon",8/29/2020
"Kennedy, Ian",8/29/2020
"Eovaldi, Nathan",8/29/2020
"González, Gio",8/29/2020
"Milner, Hoby",8/29/2020
"Morejon, Adrian",8/29/2020
"Perdomo, Luis",8/29/2020
"Hart, Kyle",8/29/2020
"Betances, Dellin",8/29/2020
"Matz, Steven",8/29/2020
"Armstrong, Shawn",8/29/2020
"Hernández, Darwinzon",8/29/2020
"Kennedy, Ian",8/29/2020
"Eovaldi, Nathan",8/29/2020
"González, Gio",8/29/2020
"Pagán, Emilio",8/30/2020
"Mengden, Daniel",8/30/2020
"Morgan, Adam",8/30/2020
"Chatwood, Tyler",8/30/2020
"Quintana, Jose",8/30/2020
"Pagán, Emilio",8/30/2020
"Mengden, Daniel",8/30/2020
"Morgan, Adam",8/30/2020
"Chatwood, Tyler",8/30/2020
"Quintana, Jose",8/30/2020
"Brewer, Colten",8/31/2020
"Brewer, Colten",8/31/2020
"Thornton, Trent",9/1/2020
"Gray, Jon",9/1/2020
"Kilome, Franklyn",9/1/2020
"Guerra, Javy",9/1/2020
"Hernández, Elieser",9/1/2020
"Bowman, Matt",9/1/2020
"Thornton, Trent",9/1/2020
"Gray, Jon",9/1/2020
"Kilome, Franklyn",9/1/2020
"Guerra, Javy",9/1/2020
"Hernández, Elieser",9/1/2020
"Bowman, Matt",9/1/2020
"Fry, Jace",9/2/2020
"Pruitt, Austin",9/2/2020
"Beeks, Jalen",9/2/2020
"Fry, Jace",9/2/2020
"Pruitt, Austin",9/2/2020
"Beeks, Jalen",9/2/2020
"McCullers Jr., Lance",9/4/2020
"Godley, Zack",9/4/2020
"Cobb, Alex",9/4/2020
"Loáisiga, Jonathan",9/4/2020
"McCullers Jr., Lance",9/4/2020
"Godley, Zack",9/4/2020
"Cobb, Alex",9/4/2020
"Loáisiga, Jonathan",9/4/2020
"Taylor, Blake",9/5/2020
"Leibrandt, Brandon",9/5/2020
"Reed, Cody",9/5/2020
"Hyun Kim, Kwang",9/5/2020
"Fried, Max",9/5/2020
"Taylor, Josh",9/5/2020
"Rodríguez, Joely",9/5/2020
"Taylor, Blake",9/5/2020
"Leibrandt, Brandon",9/5/2020
"Reed, Cody",9/5/2020
"Hyun Kim, Kwang",9/5/2020
"Fried, Max",9/5/2020
"Taylor, Josh",9/5/2020
"Rodríguez, Joely",9/5/2020
"Keuchel, Dallas",9/6/2020
"Font, Wilmer",9/6/2020
"Bacus, Dakota",9/6/2020
"Keuchel, Dallas",9/6/2020
"Font, Wilmer",9/6/2020
"Bacus, Dakota",9/6/2020
"Buehler, Walker",9/8/2020
"Gsellman, Robert",9/8/2020
"Brice, Austin",9/8/2020
"Buehler, Walker",9/8/2020
"Gsellman, Robert",9/8/2020
"Brice, Austin",9/8/2020
"Gott, Trevor",9/9/2020
"Milone, Tommy",9/9/2020
"Bashlor, Tyler",9/9/2020
"Kelly, Merrill",9/9/2020
"Gott, Trevor",9/9/2020
"Milone, Tommy",9/9/2020
"Bashlor, Tyler",9/9/2020
"Kelly, Merrill",9/9/2020
"Oviedo, Johan",9/10/2020
"Strahm, Matt",9/10/2020
"Gray, Sonny",9/10/2020
"Rainey, Tanner",9/10/2020
"Gallegos, Giovanny",9/10/2020
"Doolittle, Sean",9/10/2020
"Oviedo, Johan",9/10/2020
"Strahm, Matt",9/10/2020
"Gray, Sonny",9/10/2020
"Rainey, Tanner",9/10/2020
"Gallegos, Giovanny",9/10/2020
"Doolittle, Sean",9/10/2020
"Triggs, Andrew",9/11/2020
"Triggs, Andrew",9/11/2020
"Howard, Spencer",9/12/2020
"Crick, Kyle",9/12/2020
"Howard, Spencer",9/12/2020
"Crick, Kyle",9/12/2020
"Guerra, Javy",9/13/2020
"Guerra, Javy",9/13/2020
"Marshall, Evan",9/14/2020
"Marshall, Evan",9/14/2020
"Devenski, Chris",9/15/2020
"Magill, Matt",9/15/2020
"Arrieta, Jake",9/15/2020
"Harvey, Matt",9/15/2020
"Devenski, Chris",9/15/2020
"Magill, Matt",9/15/2020
"Arrieta, Jake",9/15/2020
"Harvey, Matt",9/15/2020
"Odorizzi, Jake",9/16/2020
"Hamels, Cole",9/16/2020
"Puk, A.J.",9/16/2020
"Waguespack, Jacob",9/16/2020
"Wick, Rowan",9/16/2020
"Odorizzi, Jake",9/16/2020
"Hamels, Cole",9/16/2020
"Puk, A.J.",9/16/2020
"Waguespack, Jacob",9/16/2020
"Wick, Rowan",9/16/2020
"Merryweather, Julian",9/17/2020
"Merryweather, Julian",9/17/2020
"Barrett, Aaron",9/18/2020
"Barrett, Aaron",9/18/2020
"Tate, Dillon",9/20/2020
"Moniak, Mickey",9/20/2020
"Bourque, James",9/20/2020
"Thornburg, Tyler",9/20/2020
"Tate, Dillon",9/20/2020
"Moniak, Mickey",9/20/2020
"Bourque, James",9/20/2020
"Thornburg, Tyler",9/20/2020
"Zimmer, Kyle",9/22/2020
"Zimmer, Kyle",9/22/2020
"A. Smith, Josh",9/23/2020
"Phillips, Evan",9/23/2020
"Martinez, Carlos",9/23/2020
"Ferguson, Caleb",9/23/2020
"A. Smith, Josh",9/23/2020
"Phillips, Evan",9/23/2020
"Martinez, Carlos",9/23/2020
"Ferguson, Caleb",9/23/2020
"Ferguson, Caleb",9/23/2020
"Tapia, Domingo",9/24/2020
"Holland, Greg",9/24/2020
"Burnes, Corbin",9/24/2020
"Wendelken, J.B.",9/24/2020
"Tapia, Domingo",9/24/2020
"Holland, Greg",9/24/2020
"Burnes, Corbin",9/24/2020
"Wendelken, J.B.",9/24/2020
"Dean, Austin",9/25/2020
"Coonrod, Sam",9/25/2020
"James, Josh",9/25/2020
"Dean, Austin",9/25/2020
"Coonrod, Sam",9/25/2020
"James, Josh",9/25/2020
"Ramírez, Erasmo",9/26/2020
"Ramírez, Erasmo",9/26/2020
"Hudson, Dakota",9/28/2020
"Hudson, Dakota",9/28/2020
"Abreu, Bryan",9/29/2020
"Abreu, Bryan",9/29/2020
"Giles, Ken",9/30/2020
"Verlander, Justin",9/30/2020
"Giles, Ken",9/30/2020
"Verlander, Justin",9/30/2020
"Peacock, Brad",10/6/2020
"Peacock, Brad",10/6/2020
"Mears, Nick",2/9/2021
"Cederlind, Blake",3/23/2021
"Yates, Kirby",3/24/2021
"Oberg, Scott",3/25/2021
"Baez, Michel",3/30/2021
"Leclerc, José",3/30/2021
"Hernández, Jonathan",4/12/2021
"Delaplane, Sam",4/13/2021
"Paxton, James",4/14/2021
"Morejon, Adrian",4/20/2021
"Vargas, Carlos",4/29/2021
"May, Dustin",5/11/2021
"Soroka, Michael",5/17/2021
"Romero, JoJo",5/25/2021
"Emanuel, Kent",6/3/2021
"Dunn, Justin",6/17/2021
"Lucchesi, Joey",6/24/2021
"Strasburg, Stephen",7/28/2021
"Strasburg, Stephen",7/28/2021
"Turnbull, Spencer",7/29/2021
"Glasnow, Tyler",8/4/2021
"Stiever, Jonathan",8/23/2021
"Antone, Tejay",8/27/2021
"Maeda, Kenta",9/1/2021
"Dobnak, Randy",9/3/2021
"Britton, Zack",9/8/2021
"Anderson, Nick",9/26/2021
"Boyd, Matthew",9/27/2021
"McCullers Jr., Lance",10/12/2021
"Kelly, Joe",10/21/2021
"McKay, Brendan",11/23/2021
"Heuer, Codi",3/7/2022
"Bukauskas, J.B.",3/17/2022
"Nance, Tommy",3/19/2022
"García, Luis",3/21/2022
"Baz, Shane",3/21/2022
"Coonrod, Sam",3/23/2022
"Giles, Ken",3/25/2022
"Mills, Alec",3/25/2022
"Chafin, Andrew",3/26/2022
"Stashak, Cody",3/26/2022
"Borucki, Ryan",3/26/2022
"Fairbanks, Pete",3/27/2022
"Sherriff, Ryan",3/28/2022
"Clevinger, Mike",3/29/2022
"Burr, Ryan",3/31/2022
"González, Victor",3/31/2022
"Harris, Will",3/31/2022
"deGrom, Jacob",3/31/2022
"Pearson, Nate",3/31/2022
"Richards, Garrett",4/2/2022
"Cisnero, José",4/3/2022
"Crochet, Garrett",4/5/2022
"Crochet, Garrett",4/5/2022
"Stephenson, Robert",4/6/2022
"Gilbreath, Lucas",4/6/2022
"Weaver, Luke",4/7/2022
"Guenther, Sean",4/7/2022
"Underwood Jr., Duane",4/7/2022
"Sánchez, Aníbal",4/7/2022
"Chargois, JT",4/8/2022
"Giolito, Lucas",4/8/2022
"Gray, Jon",4/8/2022
"Quijada, José",4/9/2022
"Thompson, Mason",4/9/2022
"Yarbrough, Ryan",4/9/2022
"Kremer, Dean",4/10/2022
"Snell, Blake",4/10/2022
"Howard, Spencer",4/10/2022
"Knebel, Corey",4/11/2022
"Romo, Sergio",4/11/2022
"Walker, Taijuan",4/11/2022
"Patiño, Luis",4/11/2022
"Rodríguez, Manuel",4/12/2022
"Pressly, Ryan",4/13/2022
"Guerra, Deolis",4/13/2022
"Jackson, Luke",4/13/2022
"Jackson, Luke",4/13/2022
"Treinen, Blake",4/14/2022
"Santana, Dennis",4/14/2022
"Sborz, Josh",4/15/2022
"Duarte, Daniel",4/16/2022
"Manning, Matt",4/16/2022
"Gray, Sonny",4/16/2022
"Jin Ryu, Hyun",4/16/2022
"Mazza, Chris",4/17/2022
"Heaney, Andrew",4/17/2022
"Puk, A.J.",4/18/2022
"Trivino, Lou",4/18/2022
"Snead, Kirby",4/18/2022
"Poppen, Sean",4/19/2022
"Romero, Jhon",4/19/2022
"Cobb, Alex",4/19/2022
"Gray, Jon",4/19/2022
"Castro, Anthony",4/20/2022
"Johnson, Pierce",4/20/2022
"Sewald, Paul",4/20/2022
"Harvey, Hunter",4/20/2022
"Quantrill, Cal",4/20/2022
"Crouse, Hans",4/20/2022
"VerHagen, Drew",4/21/2022
"Patton, Spencer",4/21/2022
"DeSclafani, Anthony",4/21/2022
"Price, David",4/24/2022
"Springs, Jeffrey",4/24/2022
"Lodolo, Nick",4/24/2022
"Wells, Alex",4/26/2022
"Banda, Anthony",4/26/2022
"Littell, Zack",4/26/2022
"Borucki, Ryan",4/26/2022
"Means, John",4/27/2022
"Means, John",4/27/2022
"Wendelken, J.B.",4/28/2022
"Ober, Bailey",4/28/2022
"Melancon, Mark",4/29/2022
"Bradley, Archie",4/29/2022
"Leone, Dominic",4/29/2022
"Abreu, Albert",4/29/2022
"Saucedo, Tayler",4/29/2022
"Alexander, Tyler",4/29/2022
"White, Mitch",4/30/2022
"Cousins, Jake",4/30/2022
"Irvin, Cole",4/30/2022
"May, Trevor",5/2/2022
"Festa, Matt",5/3/2022
"Wacha, Michael",5/3/2022
"Hill, Tim",5/4/2022
"Ellis, Chris",5/4/2022
"Bundy, Dylan",5/5/2022
"Bummer, Aaron",5/6/2022
"Hill, Rich",5/6/2022
"Wainwright, Adam",5/6/2022
"Newcomb, Sean",5/7/2022
"Kershaw, Clayton",5/7/2022
"Bleier, Richard",5/8/2022
"Stroman, Marcus",5/8/2022
"Wheeler, Zack",5/8/2022
"Eflin, Zach",5/8/2022
"Robertson, David",5/9/2022
"Warren, Austin",5/10/2022
"Coulombe, Danny",5/10/2022
"Swanson, Erik",5/10/2022
"McGee, Jake",5/10/2022
"Matzek, Tyler",5/10/2022
"Luzardo, Jesús",5/10/2022
"Lakins Sr., Travis",5/11/2022
"Reid-Foley, Sean",5/11/2022
"Megill, Tylor",5/11/2022
"Kahnle, Tommy",5/13/2022
"Giolito, Lucas",5/13/2022
"Gustave, Jandel",5/14/2022
"Mayza, Tim",5/14/2022
"Pineda, Michael",5/14/2022
"Middleton, Keynan",5/16/2022
"Rucker, Michael",5/16/2022
"Kittredge, Andrew",5/16/2022
"Senzatela, Antonio",5/16/2022
"Odorizzi, Jake",5/16/2022
"Overton, Connor",5/17/2022
"Winder, Josh",5/17/2022
"Clevinger, Mike",5/17/2022
"Nelson, Kyle",5/18/2022
"Bender, Anthony",5/18/2022
"Rodriguez, Eduardo",5/18/2022
"Paddack, Chris",5/18/2022
"Scherzer, Max",5/18/2022
"Paddack, Chris",5/18/2022
"Jones, Damon",5/19/2022
"Vest, Will",5/20/2022
"Bolaños, Ronald",5/20/2022
"Hembree, Heath",5/20/2022
"Civale, Aaron",5/20/2022
"Robles, Hansel",5/22/2022
"Chapman, Aroldis",5/22/2022
"Loáisiga, Jonathan",5/22/2022
"Sanders, Phoenix",5/22/2022
"Watkins, Spenser",5/22/2022
"Miley, Wade",5/22/2022
"Peralta, Freddy",5/22/2022
"Matz, Steven",5/22/2022
"Stephenson, Robert",5/23/2022
"Hicks, Jordan",5/24/2022
"Gil, Luis",5/24/2022
"Gil, Luis",5/24/2022
"Kelly, Joe",5/25/2022
"Garrett, Amir",5/25/2022
"Speier, Gabe",5/25/2022
"Peacock, Matt",5/25/2022
"Poteet, Cody",5/25/2022
"Ryan, Joe",5/25/2022
"Woodruff, Brandon",5/27/2022
"Perdomo, Luis",5/28/2022
"Greinke, Zack",5/29/2022
"Gray, Sonny",5/29/2022
"Barnes, Matt",5/30/2022
"Strahm, Matt",5/30/2022
"Green, Chad",6/1/2022
"Peters, Dillon",6/1/2022
"Ober, Bailey",6/1/2022
"Green, Chad",6/1/2022
"Krehbiel, Joey",6/2/2022
"Feyereisen, J.P.",6/2/2022
"Rogers, Josh",6/2/2022
"Velasquez, Vince",6/2/2022
"Wilson, Justin",6/3/2022
"Taylor, Blake",6/3/2022
"Stroman, Marcus",6/3/2022
"Kranick, Max",6/3/2022
"Cobb, Alex",6/3/2022
"Taylor, Blake",6/3/2022
"Wilson, Justin",6/3/2022
"Kranick, Max",6/3/2022
"Gott, Trevor",6/5/2022
"Arano, Víctor",6/5/2022
"Mushinski, Parker",6/6/2022
"McHugh, Collin",6/7/2022
"Bummer, Aaron",6/7/2022
"Holderman, Colin",6/7/2022
"Martin, Brett",6/7/2022
"Whitlock, Garrett",6/7/2022
"Kinley, Tyler",6/8/2022
"Vasquez, Andrew",6/8/2022
"Eovaldi, Nathan",6/8/2022
"Suarez, Robert",6/9/2022
"Strasburg, Stephen",6/9/2022
"Hendriks, Liam",6/10/2022
"Blach, Ty",6/10/2022
"Miley, Wade",6/10/2022
"Junis, Jakob",6/10/2022
"Rasmussen, Drew",6/10/2022
"Otto, Glenn",6/10/2022
"Ross, Joe",6/10/2022
"Morejon, Adrian",6/11/2022
"Alvarez, Jose",6/11/2022
"Clevinger, Mike",6/11/2022
"Sulser, Cole",6/12/2022
"Cabrera, Edward",6/12/2022
"Crick, Kyle",6/13/2022
"Santillan, Tony",6/13/2022
"Payamps, Joel",6/13/2022
"Merryweather, Julian",6/13/2022
"Jefferies, Daulton",6/13/2022
"Underwood Jr., Duane",6/13/2022
"Díaz, Alexis",6/14/2022
"Ferguson, Caleb",6/14/2022
"Megill, Trevor",6/14/2022
"Mize, Casey",6/15/2022
"Mize, Casey",6/15/2022
"Stashak, Cody",6/16/2022
"Ashby, Aaron",6/16/2022
"Megill, Tylor",6/16/2022
"Severino, Luis",6/16/2022
"Warren, Austin",6/17/2022
"Richards, Trevor",6/17/2022
"Lee, Evan",6/17/2022
"Thompson, Zach",6/17/2022
"Musgrove, Joe",6/17/2022
"Jiménez, Dany",6/18/2022
"Bradish, Kyle",6/18/2022
"Jin Ryu, Hyun",6/18/2022
"Jin Ryu, Hyun",6/18/2022
"Heaney, Andrew",6/19/2022
"Staumont, Josh",6/21/2022
"Herget, Jimmy",6/21/2022
"Sánchez, Miguel",6/21/2022
"Moll, Sam",6/21/2022
"García, Yimi",6/21/2022
"McArthur, James",6/21/2022
"Norris, Daniel",6/22/2022
"Head, Louis",6/22/2022
"Morejon, Adrian",6/22/2022
"McFarland, T.J.",6/22/2022
"Kittredge, Andrew",6/22/2022
"Lynch IV, Daniel",6/22/2022
"Kittredge, Andrew",6/22/2022
"Smith, Joe",6/23/2022
"VerHagen, Drew",6/23/2022
"Hoffman, Jeff",6/24/2022
"Hudson, Daniel",6/24/2022
"Bush, Matt",6/24/2022
"Davies, Zach",6/25/2022
"Brogdon, Connor",6/25/2022
"Wilson, Steven",6/25/2022
"Cabrera, Génesis",6/25/2022
"Eflin, Zach",6/25/2022
"Jansen, Kenley",6/26/2022
"Bradley, Archie",6/26/2022
"Feltner, Ryan",6/26/2022
"Flaherty, Jack",6/26/2022
"Wacha, Michael",6/28/2022
"García, Rony",6/29/2022
"Suárez, Ranger",6/29/2022
"Houser, Adrian",6/30/2022
"Hill, Rich",7/1/2022
"Senzatela, Antonio",7/1/2022
"Lorenzen, Michael",7/1/2022
"Bassitt, Chris",7/1/2022
"Warren, Art",7/2/2022
"Marinaccio, Ron",7/2/2022
"Mahle, Tyler",7/2/2022
"Tetreault, Jackson",7/2/2022
"Kennedy, Ian",7/3/2022
"De los Santos, Yerry",7/3/2022
"Stammen, Craig",7/4/2022
"Peralta, Wily",7/5/2022
"Springs, Jeffrey",7/5/2022
"Garrett, Reed",7/5/2022
"Hendricks, Kyle",7/5/2022
"Velasquez, Vince",7/5/2022
"Archer, Chris",7/5/2022
"DeSclafani, Anthony",7/5/2022
"Kikuchi, Yusei",7/5/2022
"Kinley, Tyler",7/5/2022
"Hendricks, Kyle",7/5/2022
"Danish, Tyler",7/6/2022
"Detwiler, Ross",7/7/2022
"Cessa, Luis",7/7/2022
"Giles, Ken",7/8/2022
"Littell, Zack",7/8/2022
"Seabold, Connor",7/8/2022
"Heasley, Jonathan",7/9/2022
"Graterol, Brusdar",7/10/2022
"Castro, Miguel",7/10/2022
"Dunning, Dane",7/10/2022
"O'Day, Darren",7/11/2022
"Yacabonis, Jimmy",7/11/2022
"Fleming, Josh",7/11/2022
"Strahm, Matt",7/12/2022
"Barlow, Joe",7/12/2022
"Brieske, Beau",7/12/2022
"Roberts, Ethan",7/13/2022
"Civale, Aaron",7/13/2022
"Severino, Luis",7/13/2022
"Roberts, Ethan",7/13/2022
"Beeks, Jalen",7/14/2022
"Clippard, Tyler",7/14/2022
"Winckowski, Josh",7/14/2022
"Hudson, Dakota",7/14/2022
"Llovera, Mauricio",7/15/2022
"Moreta, Dauri",7/16/2022
"De Jong, Chase",7/16/2022
"Wisler, Matt",7/16/2022
"Lynch IV, Daniel",7/16/2022
"Díaz, Jhonathan",7/16/2022
"Thielbar, Caleb",7/17/2022
"Hernández, Elieser",7/19/2022
"Wieck, Brad",7/20/2022
"Gutierrez, Vladimir",7/20/2022
"Gutierrez, Vladimir",7/20/2022
"Brentz, Jake",7/21/2022
"Brentz, Jake",7/21/2022
"López, Reynaldo",7/23/2022
"Hoffman, Jeff",7/23/2022
"Chacín, Jhoulys",7/23/2022
"Nance, Tommy",7/23/2022
"Pineda, Michael",7/23/2022
"Matz, Steven",7/23/2022
"Smith, Drew",7/24/2022
"García, Rony",7/24/2022
"Fedde, Erick",7/24/2022
"Middleton, Keynan",7/25/2022
"Castillo, Diego",7/25/2022
"Rogers, Trevor",7/25/2022
"Gore, MacKenzie",7/25/2022
"Gilbert, Tyler",7/26/2022
"Zerpa, Angel",7/26/2022
"King, Michael",7/27/2022
"Wells, Tyler",7/27/2022
"Castano, Daniel",7/28/2022
"Verlander, Justin",7/28/2022
"Bednar, David",7/29/2022
"Milone, Tommy",7/29/2022
"Smith, Caleb",7/30/2022
"Stripling, Ross",7/30/2022
"Gustave, Jandel",7/31/2022
"Greene, Hunter",8/1/2022
"Gray, Jon",8/1/2022
"Nelson, Kyle",8/2/2022
"Brault, Steven",8/2/2022
"Santana, Dennis",8/2/2022
"Almonte, Yency",8/3/2022
"Alcala, Jorge",8/3/2022
"Peters, Dillon",8/3/2022
"Rainey, Tanner",8/3/2022
"Bello, Brayan",8/3/2022
"Kuhl, Chad",8/3/2022
"Rainey, Tanner",8/3/2022
"Hunter, Tommy",8/4/2022
"Kershaw, Clayton",8/4/2022
"Adams, Austin",8/5/2022
"Dugger, Robert",8/5/2022
"Mayza, Tim",8/6/2022
"Fried, Max",8/6/2022
"Clarke, Taylor",8/7/2022
"Howard, Spencer",8/7/2022
"Borucki, Ryan",8/8/2022
"Castellanos, Humberto",8/8/2022
"Sale, Chris",8/8/2022
"Holloway, Jordan",8/9/2022
"Meyer, Max",8/9/2022
"Meyer, Max",8/9/2022
"Gott, Trevor",8/10/2022
"Blackburn, Paul",8/10/2022
"Colomé, Alex",8/11/2022
"Holmes, Clay",8/12/2022
"Scott, Tayler",8/12/2022
"Eovaldi, Nathan",8/12/2022
"Garrett, Braxton",8/14/2022
"Knebel, Corey",8/14/2022
"Carrasco, Carlos",8/15/2022
"Barlow, Joe",8/17/2022
"Skubal, Tarik",8/17/2022
"Poteet, Cody",8/17/2022
"Mahle, Tyler",8/17/2022
"Skubal, Tarik",8/17/2022
"Senzatela, Antonio",8/18/2022
"Thompson, Keegan",8/19/2022
"Ashcraft, Graham",8/19/2022
"Ashby, Aaron",8/19/2022
"Santos, Gregory",8/19/2022
"Abreu, Albert",8/20/2022
"Effross, Scott",8/20/2022
"Domínguez, Seranthony",8/20/2022
"Long, Sam",8/20/2022
"Nogosek, Stephen",8/20/2022
"Wheeler, Zack",8/20/2022
"Pressly, Ryan",8/21/2022
"Greinke, Zack",8/21/2022
"Cortes, Nestor",8/21/2022
"Kopech, Michael",8/22/2022
"Ragans, Cole",8/22/2022
"Brault, Steven",8/23/2022
"Staumont, Josh",8/23/2022
"Sands, Cole",8/23/2022
"Buehler, Walker",8/23/2022
"Gonsolin, Tony",8/23/2022
"Buehler, Walker",8/23/2022
"Buehler, Walker",8/23/2022
"Jiménez, Dany",8/24/2022
"Jackson, Zach",8/24/2022
"Holderman, Colin",8/24/2022
"Zeuch, T.J.",8/24/2022
"Thompson, Ryan",8/25/2022
"Stephens, Jackson",8/26/2022
"Gilbreath, Lucas",8/26/2022
"Steele, Justin",8/26/2022
"Cavalli, Cade",8/26/2022
"Chapman, Aroldis",8/27/2022
"Sborz, Josh",8/27/2022
"Plesac, Zach",8/27/2022
"Graterol, Brusdar",8/28/2022
"Civale, Aaron",8/28/2022
"Price, David",8/29/2022
"Crawford, Kutter",8/30/2022
"McClanahan, Shane",8/30/2022
"Bender, Anthony",8/31/2022
"Emanuel, Kent",8/31/2022
"Alvarez, Jose",8/31/2022
"Wood, Alex",8/31/2022
"Bender, Anthony",8/31/2022
"Arano, Víctor",9/1/2022
"May, Trevor",9/3/2022
"Appel, Mark",9/3/2022
"Mahle, Tyler",9/3/2022
"Scherzer, Max",9/3/2022
"Oller, Adam",9/3/2022
"Treinen, Blake",9/5/2022
"Houck, Tanner",9/6/2022
"Ynoa, Huascar",9/7/2022
"Lauer, Eric",9/7/2022
"Ynoa, Huascar",9/7/2022
"Leone, Dominic",9/8/2022
"Peralta, Freddy",9/8/2022
"Yates, Kirby",9/10/2022
"Montes de Oca, Bryce",9/10/2022
"Anderson, Nick",9/10/2022
"Archer, Chris",9/10/2022
"Nelson, Kyle",9/12/2022
"Dunn, Justin",9/12/2022
"Nance, Tommy",9/13/2022
"Gose, Anthony",9/14/2022
"Hunter, Tommy",9/14/2022
"Hicks, Jordan",9/14/2022
"Mills, Alec",9/14/2022
"McKay, Brendan",9/14/2022
"Moll, Sam",9/15/2022
"Dunn, Justin",9/15/2022
"Brubaker, JT",9/15/2022
"Middleton, Keynan",9/16/2022
"Martin, Brett",9/16/2022
"Montas, Frankie",9/16/2022
"Megill, Trevor",9/17/2022
"Givens, Mychal",9/17/2022
"Beeks, Jalen",9/17/2022
"Minor, Mike",9/17/2022
"Rogers, Trevor",9/17/2022
"Peralta, Wandy",9/18/2022
"Nelson, Ryne",9/18/2022
"Strider, Spencer",9/18/2022
"Wells, Tyler",9/19/2022
"Gray, Sonny",9/19/2022
"Jiménez, Joe",9/20/2022
"Payamps, Joel",9/20/2022
"Hand, Brad",9/20/2022
"Okert, Steven",9/21/2022
"Stout, Eric",9/21/2022
"May, Dustin",9/21/2022
"Yarbrough, Ryan",9/22/2022
"Bickford, Phil",9/23/2022
"Perdomo, Luis",9/23/2022
"Whitlock, Garrett",9/26/2022
"Dunning, Dane",9/26/2022
"Whitlock, Garrett",9/26/2022
"Estévez, Carlos",9/27/2022
"Crowe, Wil",9/27/2022
"Houser, Adrian",9/27/2022
"Webb, Logan",9/27/2022
"Kopech, Michael",9/28/2022
"Manning, Matt",9/28/2022
"Baz, Shane",9/28/2022
"Baz, Shane",9/28/2022
"Baz, Shane",9/28/2022
"Bradley, Archie",9/29/2022
"Wiles, Collin",9/29/2022
"Bautista, Félix",9/30/2022
"Britton, Zack",9/30/2022
"Kuhl, Chad",9/30/2022
"Grove, Michael",10/1/2022
"Cabrera, Edward",10/1/2022
"Ragans, Cole",10/1/2022
"Topa, Justin",10/2/2022
"Megill, Trevor",10/2/2022
"Marinaccio, Ron",10/2/2022
"Szapucki, Thomas",10/2/2022
"Clarke, Taylor",10/3/2022
"Bush, Matt",10/4/2022
"Poche, Colin",10/4/2022
"Rodón, Carlos",10/4/2022
"Megill, Tylor",10/5/2022
"Clevinger, Mike",10/5/2022
"Matzek, Tyler",10/12/2022
"Treinen, Blake",11/11/2022
"Feyereisen, J.P.",12/7/2022
"Antone, Tejay",2/7/2023
"Stephenson, Robert",2/18/2023
"Montas, Frankie",2/21/2023
"Snead, Kirby",2/25/2023
"Hentges, Sam",2/26/2023
"Musgrove, Joe",2/27/2023
"Glasnow, Tyler",2/27/2023
"Howard, Spencer",3/1/2023
"Allard, Kolby",3/2/2023
"Castillo, José",3/3/2023
"Paxton, James",3/3/2023
"García, Jarlín",3/4/2023
"Rodón, Carlos",3/5/2023
"Gonsolin, Tony",3/7/2023
"Tarnok, Freddy",3/8/2023
"Suárez, Ranger",3/8/2023
"Nelson, Nick",3/9/2023
"Melancon, Mark",3/10/2023
"Blackburn, Paul",3/10/2023
"Song, Noah",3/11/2023
"Suarez, Robert",3/12/2023
"Morejon, Adrian",3/12/2023
"Iglesias, Raisel",3/13/2023
"Weaver, Luke",3/13/2023
"Gilbreath, Lucas",3/14/2023
"Sánchez, Cristopher",3/14/2023
"Rucinski, Drew",3/14/2023
"Gilbreath, Lucas",3/14/2023
"Martin, Corbin",3/15/2023
"Givens, Mychal",3/16/2023
"Hughes, Brandon",3/16/2023
"Díaz, Edwin",3/16/2023
"Quintana, Jose",3/16/2023
"Rodríguez, Joely",3/18/2023
"Otto, Glenn",3/18/2023
"Wainwright, Adam",3/19/2023
"Okert, Steven",3/20/2023
"Lorenzen, Michael",3/20/2023
"Severino, Luis",3/21/2023
"Cavalli, Cade",3/22/2023
"Cavalli, Cade",3/22/2023
"Hernández, Elieser",3/23/2023
"Sborz, Josh",3/23/2023
"Lynch IV, Daniel",3/23/2023
"Mantiply, Joe",3/24/2023
"Brieske, Beau",3/24/2023
"Houser, Adrian",3/25/2023
"White, Mitch",3/25/2023
"McKenzie, Triston",3/26/2023
"Verlander, Justin",3/26/2023
"Pepiot, Ryan",3/28/2023
"Montes de Oca, Bryce",3/29/2023
"Fried, Max",3/30/2023
"Hunter, Tommy",4/3/2023
"Bradish, Kyle",4/3/2023
"Cueto, Johnny",4/3/2023
"Sulser, Cole",4/5/2023
"McHugh, Collin",4/5/2023
"Odorizzi, Jake",4/5/2023
"Civale, Aaron",4/7/2023
"Muñoz, Andrés",4/7/2023
"Woodruff, Brandon",4/7/2023
"Ashby, Aaron",4/7/2023
"Eflin, Zach",4/7/2023
"Kelly, Joe",4/8/2023
"Davies, Zach",4/8/2023
"Chargois, JT",4/9/2023
"Acevedo, Domingo",4/10/2023
"Márquez, Germán",4/10/2023
"Manning, Matt",4/11/2023
"Luetge, Lucas",4/12/2023
"Martin, Chris",4/12/2023
"De Jong, Chase",4/12/2023
"Thompson, Ryan",4/12/2023
"Brubaker, JT",4/12/2023
"Brubaker, JT",4/12/2023
"Nogosek, Stephen",4/14/2023
"Tepera, Ryan",4/15/2023
"Varland, Gus",4/15/2023
"Zastryzny, Rob",4/15/2023
"Taillon, Jameson",4/15/2023
"Wingenter, Trey",4/15/2023
"Carrasco, Carlos",4/15/2023
"Jiménez, Dany",4/16/2023
"Crowe, Wil",4/17/2023
"May, Trevor",4/18/2023
"Crismatt, Nabil",4/18/2023
"Wood, Alex",4/18/2023
"Rogers, Trevor",4/19/2023
"Bellatti, Andrew",4/20/2023
"Grove, Michael",4/20/2023
"Uceta, Edwin",4/22/2023
"Whitlock, Garrett",4/22/2023
"Martínez, Adrián",4/22/2023
"Bush, Matt",4/23/2023
"Cimber, Adam",4/23/2023
"Springs, Jeffrey",4/24/2023
"Springs, Jeffrey",4/24/2023
"Hughes, Brandon",4/26/2023
"Bubic, Kris",4/26/2023
"Maeda, Kenta",4/26/2023
"Bubic, Kris",4/26/2023
"Raley, Brooks",4/27/2023
"Cruz, Fernando",4/28/2023
"Fairbanks, Pete",4/28/2023
"Davis, Noah",4/29/2023
"Kuhl, Chad",4/29/2023
"Urquidy, José",4/30/2023
"Kelly, Zack",5/2/2023
"Thielbar, Caleb",5/2/2023
"Loáisiga, Jonathan",5/2/2023
"Trivino, Lou",5/3/2023
"Murfee, Penn",5/3/2023
"Rodríguez, Wilking",5/3/2023
"Wright, Kyle",5/3/2023
"Crawford, Kutter",5/3/2023
"Lamet, Dinelson",5/3/2023
"Ray, Robbie",5/3/2023
"Trivino, Lou",5/3/2023
"Ray, Robbie",5/3/2023
"Loup, Aaron",5/4/2023
"Pop, Zach",5/4/2023
"Velasquez, Vince",5/4/2023
"Woodford, Jake",5/4/2023
"Sampson, Adrian",5/5/2023
"Fried, Max",5/6/2023
"Lodolo, Nick",5/6/2023
"Turnbull, Spencer",5/6/2023
"Yacabonis, Jimmy",5/7/2023
"Alvarado, José",5/7/2023
"Cleavinger, Garrett",5/7/2023
"Yarbrough, Ryan",5/7/2023
"Suarez, José",5/7/2023
"Miller, Mason",5/7/2023
"Mantiply, Joe",5/8/2023
"Mears, Nick",5/9/2023
"Puk, A.J.",5/10/2023
"Márquez, Germán",5/12/2023
"Márquez, Germán",5/12/2023
"Boxberger, Brad",5/13/2023
"Legumina, Casey",5/13/2023
"Feltner, Ryan",5/13/2023
"Alcala, Jorge",5/14/2023
"Schreiber, John",5/15/2023
"Keller, Brad",5/15/2023
"Lee, Dylan",5/16/2023
"Law, Derek",5/16/2023
"Bukauskas, J.B.",5/16/2023
"Hamilton, Ian",5/16/2023
"Jackson, Zach",5/16/2023
"Battenfield, Peyton",5/16/2023
"Miley, Wade",5/16/2023
"Lugo, Seth",5/16/2023
"Quijada, José",5/17/2023
"Warren, Austin",5/17/2023
"Clevinger, Mike",5/17/2023
"Stripling, Ross",5/17/2023
"Quijada, José",5/17/2023
"Warren, Austin",5/17/2023
"Urías, Julio",5/18/2023
"Misiewicz, Anthony",5/19/2023
"Garcia, Luis",5/19/2023
"Szapucki, Thomas",5/19/2023
"Garcia, Luis",5/19/2023
"Cyr, Tyler",5/20/2023
"Lauer, Eric",5/20/2023
"Bleier, Richard",5/21/2023
"Littell, Zack",5/22/2023
"Mahle, Tyler",5/22/2023
"Mahle, Tyler",5/22/2023
"Tonkin, Michael",5/23/2023
"Moore, Matt",5/23/2023
"Pomeranz, Drew",5/23/2023
"Overton, Connor",5/23/2023
"Burdi, Nick",5/24/2023
"García, Luis",5/24/2023
"Lambert, Jimmy",5/27/2023
"Fairbanks, Pete",5/28/2023
"Rodriguez, Eduardo",5/28/2023
"Fleming, Josh",5/28/2023
"Garrett, Amir",5/29/2023
"Sands, Cole",5/30/2023
"Barlow, Joe",5/30/2023
"Quantrill, Cal",5/30/2023
"Faedo, Alex",5/30/2023
"Cortes, Nestor",5/30/2023
"Givens, Mychal",5/31/2023
"Steele, Justin",5/31/2023
"Wood, Alex",5/31/2023
"Sale, Chris",6/1/2023
"Bickford, Phil",6/2/2023
"Weber, Ryan",6/2/2023
"Rolison, Ryan",6/2/2023
"Rodríguez, Joely",6/3/2023
"Cousins, Jake",6/3/2023
"Thielbar, Caleb",6/4/2023
"Gott, Trevor",6/4/2023
"Pacheco, Freddy",6/5/2023
"Faucher, Calvin",6/5/2023
"Sousa, Bennett",6/7/2023
"Helsley, Ryan",6/7/2023
"Syndergaard, Noah",6/7/2023
"Ashcraft, Graham",6/8/2023
"Joyce, Ben",6/9/2023
"Velasquez, Vince",6/9/2023
"McKenzie, Triston",6/10/2023
"deGrom, Jacob",6/12/2023
"deGrom, Jacob",6/12/2023
"Voth, Austin",6/13/2023
"McCullers Jr., Lance",6/13/2023
"Cabrera, Edward",6/13/2023
"Cobb, Alex",6/13/2023
"McCullers Jr., Lance",6/13/2023
"Chavez, Jesse",6/14/2023
"Holderman, Colin",6/14/2023
"Clevinger, Mike",6/14/2023
"Crochet, Garrett",6/15/2023
"Lovelady, Richard",6/15/2023
"Domínguez, Seranthony",6/15/2023
"Zastryzny, Rob",6/15/2023
"Cosgrove, Tom",6/15/2023
"Brebbia, John",6/16/2023
"E. Hernandez, Jose",6/17/2023
"Greene, Hunter",6/17/2023
"López, Jorge",6/18/2023
"Alexander, Scott",6/18/2023
"Cimber, Adam",6/18/2023
"Edwards Jr., Carl",6/19/2023
"Legumina, Casey",6/20/2023
"Suter, Brent",6/20/2023
"Miller, Shelby",6/20/2023
"Leclerc, José",6/20/2023
"Kluber, Corey",6/20/2023
"Lively, Ben",6/20/2023
"Heuer, Codi",6/23/2023
"Wilson, Steven",6/24/2023
"Jackson, Luke",6/24/2023
"Kelly, Merrill",6/24/2023
"Stewart, Brock",6/25/2023
"Vest, Will",6/26/2023
"Naughton, Packy",6/26/2023
"Mears, Nick",6/27/2023
"Kershaw, Clayton",6/27/2023
"Houck, Tanner",6/27/2023
"Kopech, Michael",6/27/2023
"Akin, Keegan",6/28/2023
"Hughes, Brandon",6/28/2023
"Taylor, Josh",6/28/2023
"Boyd, Matthew",6/28/2023
"Boyd, Matthew",6/28/2023
"Carasiti, Matt",6/29/2023
"Woodford, Jake",6/29/2023
"Carlton, Drew",6/30/2023
"Miller, Bryce",6/30/2023
"McClanahan, Shane",6/30/2023
"VerHagen, Drew",7/1/2023
"Ward, Thaddeus",7/1/2023
"Wacha, Michael",7/1/2023
"DeSclafani, Anthony",7/1/2023
"Pérez, Cionel",7/2/2023
"Alexander, Tyler",7/2/2023
"Whitlock, Garrett",7/2/2023
"Bachman, Sam",7/3/2023
"Nardi, Andrew",7/3/2023
"Ort, Kaleb",7/4/2023
"Kelly, Joe",7/4/2023
"Greinke, Zack",7/4/2023
"Wainwright, Adam",7/4/2023
"Mills, Wyatt",7/5/2023
"Hudson, Daniel",7/5/2023
"Quantrill, Cal",7/5/2023
"Alvarado, José",7/6/2023
"Anderson, Nick",7/7/2023
"Sanmartin, Reiver",7/7/2023
"Minter, A.J.",7/8/2023
"Lovelady, Richard",7/9/2023
"Sborz, Josh",7/9/2023
"Bieber, Shane",7/9/2023
"Freeland, Kyle",7/9/2023
"Miley, Wade",7/9/2023
"Hernández, Elieser",7/9/2023
"Harvey, Hunter",7/14/2023
"Devenski, Chris",7/15/2023
"Morejon, Adrian",7/15/2023
"Allard, Kolby",7/16/2023
"Ríos, Yacksel",7/18/2023
"Espino, Paolo",7/18/2023
"Davies, Zach",7/18/2023
"Lynch IV, Daniel",7/18/2023
"May, Dustin",7/18/2023
"Eovaldi, Nathan",7/18/2023
"May, Dustin",7/18/2023
"De León, José",7/19/2023
"Jacob, Alek",7/20/2023
"Englert, Mason",7/22/2023
"Anderson, Chase",7/22/2023
"DeSclafani, Anthony",7/23/2023
"Barnes, Matt",7/25/2023
"Canning, Griffin",7/25/2023
"Senzatela, Antonio",7/26/2023
"Senzatela, Antonio",7/26/2023
"Rodríguez, Joely",7/28/2023
"Wilson, Justin",7/28/2023
"Romano, Jordan",7/28/2023
"Garcia, Rico",7/28/2023
"Henry, Tommy",7/28/2023
"Musgrove, Joe",7/28/2023
"Faucher, Calvin",7/29/2023
"Teheran, Julio",7/29/2023
"Hernández, Daysbel",7/31/2023
"Thompson, Mason",7/31/2023
"Stroman, Marcus",7/31/2023
"Adams, Austin",8/1/2023
"Hill, Tim",8/1/2023
"Richards, Trevor",8/1/2023
"Lively, Ben",8/1/2023
"Hendriks, Liam",8/2/2023
"Clarke, Taylor",8/2/2023
"Chargois, JT",8/2/2023
"Ryan, Joe",8/2/2023
"Kaprielian, James",8/2/2023
"Hendriks, Liam",8/2/2023
"Moreta, Dauri",8/3/2023
"Woo, Bryan",8/3/2023
"Coulombe, Danny",8/5/2023
"Moran, Jovani",8/5/2023
"Grove, Michael",8/5/2023
"Cortes, Nestor",8/5/2023
"Greinke, Zack",8/6/2023
"Rodón, Carlos",8/6/2023
"Kelly, Joe",8/9/2023
"Mlodzinski, Carmen",8/9/2023
"Maton, Phil",8/11/2023
"Almonte, Yency",8/11/2023
"Danner, Hagen",8/11/2023
"Walker, Josh",8/12/2023
"Matz, Steven",8/12/2023
"Kelly, Michael",8/13/2023
"Brazobán, Huascar",8/13/2023
"Mejía, J.C.",8/13/2023
"Suárez, Ranger",8/13/2023
"Felipe, Angel",8/14/2023
"Kelly, Kevin",8/15/2023
"Pruitt, Austin",8/16/2023
"Kinley, Tyler",8/16/2023
"Stripling, Ross",8/16/2023
"Liberatore, Matthew",8/16/2023
"Perdomo, Angel",8/18/2023
"Medina, Luis",8/18/2023
"Chirinos, Yonny",8/19/2023
"Cueto, Johnny",8/20/2023
"Hancock, Emerson",8/20/2023
"McClanahan, Shane",8/21/2023
"McClanahan, Shane",8/21/2023
"Ortega, Oliver",8/22/2023
"Curtiss, John",8/22/2023
"Gonzales, Marco",8/22/2023
"Fulmer, Michael",8/24/2023
"Young, Alex",8/24/2023
"Zuñiga, Guillo",8/24/2023
"Darvish, Yu",8/25/2023
"Swanson, Erik",8/26/2023
"Silseth, Chase",8/26/2023
"Bernardino, Brennan",8/27/2023
"Vasquez, Andrew",8/27/2023
"McMillon, John",8/27/2023
"Wilson, Steven",8/27/2023
"Adam, Jason",8/27/2023
"Houser, Adrian",8/27/2023
"Gomber, Austin",8/28/2023
"Hamilton, Ian",8/30/2023
"Tarnok, Freddy",8/30/2023
"Tarnok, Freddy",8/30/2023
"Middleton, Keynan",8/31/2023
"Cruz, Fernando",9/1/2023
"Bard, Daniel",9/1/2023
"Romero, JoJo",9/1/2023
"Paxton, James",9/1/2023
"Lively, Ben",9/1/2023
"Greene, Hunter",9/1/2023
"Ashcraft, Graham",9/1/2023
"Gonsolin, Tony",9/1/2023
"Gonsolin, Tony",9/1/2023
"Williamson, Brandon",9/2/2023
"Lambert, Jimmy",9/3/2023
"Carrasco, Carlos",9/3/2023
"Cronin, Declan",9/4/2023
"Stanek, Ryne",9/4/2023
"Sborz, Josh",9/4/2023
"McHugh, Collin",9/5/2023
"Soroka, Michael",9/5/2023
"Barria, Jaime",9/6/2023
"Nance, Tommy",9/6/2023
"Manning, Matt",9/6/2023
"Abreu, Albert",9/7/2023
"Cox, Austin",9/8/2023
"Severino, Luis",9/8/2023
"Gore, MacKenzie",9/8/2023
"Varland, Gus",9/9/2023
"Loáisiga, Jonathan",9/9/2023
"Alzolay, Adbert",9/10/2023
"Suero, Wander",9/10/2023
"Lambert, Peter",9/10/2023
"Lee, Dylan",9/11/2023
"Fulmer, Michael",9/11/2023
"Reid-Foley, Sean",9/11/2023
"Jansen, Kenley",9/12/2023
"Scherzer, Max",9/12/2023
"Antone, Tejay",9/13/2023
"Waites, Cole",9/13/2023
"Faedo, Alex",9/13/2023
"McGough, Scott",9/14/2023
"Peralta, Wandy",9/14/2023
"Misiewicz, Anthony",9/15/2023
"Kennedy, Ian",9/15/2023
"Santos, Gregory",9/16/2023
"Peguero, Elvis",9/16/2023
"Bibee, Tanner",9/16/2023
"Freeland, Kyle",9/16/2023
"Anderson, Tyler",9/16/2023
"Keller, Brad",9/17/2023
"Vieira, Thyago",9/17/2023
"Gallegos, Giovanny",9/17/2023
"Singer, Brady",9/18/2023
"Loup, Aaron",9/19/2023
"Uelmen, Erich",9/19/2023
"Cobb, Alex",9/19/2023
"Kahnle, Tommy",9/20/2023
"Hill, Tim",9/20/2023
"Scholtens, Jesse",9/20/2023
"Pérez, Eury",9/20/2023
"Newcomb, Sean",9/20/2023
"Crawford, Brandon",9/20/2023
"Winn, Keaton",9/20/2023
"Kahnle, Tommy",9/20/2023
"Boxberger, Brad",9/21/2023
"Holderman, Colin",9/21/2023
"Alexander, Scott",9/21/2023
"Fried, Max",9/21/2023
"Irvin, Jake",9/21/2023
"Morton, Charlie",9/22/2023
"Kopech, Michael",9/22/2023
"Junis, Jakob",9/23/2023
"Falter, Bailey",9/23/2023
"Gray, Jon",9/25/2023
"Bard, Daniel",9/26/2023
"Feltner, Ryan",9/26/2023
"Sandoval, Patrick",9/26/2023
"Duarte, Daniel",9/27/2023
"Covey, Dylan",9/27/2023
"Jameson, Drey",9/27/2023
"Martin, Chris",9/28/2023
"Wright, Kyle",9/28/2023
"Stephens, Jackson",9/29/2023
"Keuchel, Dallas",9/30/2023
"Hernández, Jonathan",10/1/2023
"Alcantara, Sandy",10/6/2023
"Perdomo, Angel",10/6/2023
"Alcantara, Sandy",10/6/2023
"Bautista, Félix",10/9/2023
"Bautista, Félix",10/9/2023
"Wright, Kyle",10/11/2023
"Woodruff, Brandon",10/13/2023
"Cobb, Alex",10/31/2023
"Kershaw, Clayton",11/3/2023
"Peterson, David",11/6/2023
"Oviedo, Johan",12/6/2023
"Scherzer, Max",12/14/2023
"Newcomb, Sean",12/20/2023
"Senga, Kodai",2/21/2024
"Drohan, Shane",2/22/2024
"Mata, Bryan",2/24/2024
"Kranick, Max",2/26/2024
"Manoah, Alek",2/27/2024
"Hjelle, Sean",2/28/2024
"Covey, Dylan",3/1/2024
"Rucker, Michael",3/1/2024
"Kerkering, Orion",3/1/2024
"Thompson, Mason",3/1/2024
"Scholtens, Jesse",3/1/2024
"Cole, Gerrit",3/1/2024
"Graterol, Brusdar",3/2/2024
"Medina, Luis",3/4/2024
"Beck, Tristan",3/4/2024
"Gray, Sonny",3/4/2024
"Williams, Devin",3/5/2024
"Kilian, Caleb",3/5/2024
"Alexander, Scott",3/6/2024
"Hentges, Sam",3/8/2024
"Brentz, Jake",3/9/2024
"Treinen, Blake",3/9/2024
"Taillon, Jameson",3/9/2024
"Cabrera, Edward",3/10/2024
"Romano, Jordan",3/10/2024
"Williams, Gavin",3/10/2024
"Santos, Gregory",3/11/2024
"Taylor, Josh",3/12/2024
"Giolito, Lucas",3/12/2024
"Bradley, Taj",3/12/2024
"Cáceres, Kelvin",3/13/2024
"Duran, Jhoan",3/13/2024
"Mlodzinski, Carmen",3/13/2024
"Small, Ethan",3/13/2024
"Swanson, Erik",3/13/2024
"Topa, Justin",3/15/2024
"Kowar, Jackson",3/15/2024
"Lodolo, Nick",3/16/2024
"Williamson, Brandon",3/17/2024
"Rodriguez, Eduardo",3/19/2024
"Moreta, Dauri",3/21/2024
"Sewald, Paul",3/23/2024
"Walker, Taijuan",3/23/2024
"Woo, Bryan",3/23/2024
"Reid-Foley, Sean",3/24/2024
"Staumont, Josh",3/25/2024
"Jackson, Luke",3/28/2024
"O'Brien, Riley",3/28/2024
"Steele, Justin",3/28/2024
"DeSclafani, Anthony",3/29/2024
"Pérez, Cionel",3/30/2024
"Megill, Trevor",3/30/2024
"Clarke, Taylor",3/30/2024
"Megill, Tylor",3/31/2024
"Valdez, Framber",4/2/2024
"Junis, Jakob",4/2/2024
"Sousa, Bennett",4/3/2024
"Gott, Trevor",4/3/2024
"Pivetta, Nick",4/3/2024
"Merryweather, Julian",4/5/2024
"Brebbia, John",4/5/2024
"Borucki, Ryan",4/5/2024
"Sborz, Josh",4/6/2024
"Zuñiga, Guillo",4/7/2024
"Snider, Collin",4/7/2024
"Silseth, Chase",4/7/2024
"Bolton, Cody",4/8/2024
"Pérez, Eury",4/8/2024
"Brogdon, Connor",4/9/2024
"Murphy, Chris",4/10/2024
"Miller, Bobby",4/10/2024
"Bradford, Cody",4/10/2024
"Campbell, Isaiah",4/11/2024
"Antone, Tejay",4/12/2024
"Strider, Spencer",4/12/2024
"Bieber, Shane",4/12/2024
"Bukauskas, J.B.",4/13/2024
"Gonzales, Marco",4/13/2024
"Ynoa, Huascar",4/14/2024
"Freeland, Kyle",4/14/2024
"Darvish, Yu",4/14/2024
"Green, Chad",4/15/2024
"Frías, Luis",4/16/2024
"Morgan, Eli",4/16/2024
"Burdi, Nick",4/16/2024
"Hurt, Kyle",4/16/2024
"Fairbanks, Pete",4/17/2024
"Burke, Brock",4/18/2024
"Nelson, Ryne",4/18/2024
"Puk, A.J.",4/19/2024
"Bello, Brayan",4/19/2024
"Snell, Blake",4/19/2024
"Castro, Miguel",4/20/2024
"Pruitt, Austin",4/20/2024
"Luzardo, Jesús",4/20/2024
"Hall, DL",4/20/2024
"Smyly, Drew",4/21/2024
"Kelly, Merrill",4/21/2024
"Hendricks, Kyle",4/21/2024
"Montas, Frankie",4/21/2024
"Javier, Cristian",4/21/2024
"Gipson-Long, Sawyer",4/22/2024
"Simpson, Josh",4/23/2024
"Smith, Drew",4/23/2024
"Poche, Colin",4/23/2024
"Garcia, Robert",4/23/2024
"Wicks, Jordan",4/23/2024
"Devenski, Chris",4/24/2024
"Francis, Bowden",4/24/2024
"Marsh, Alec",4/24/2024
"Cisnero, José",4/27/2024
"Brasier, Ryan",4/27/2024
"Johnson, Pierce",4/29/2024
"Rodriguez, Grayson",4/29/2024
"Rodríguez, Yariel",4/29/2024
"Stephenson, Robert",4/30/2024
"Marte, Yunior",4/30/2024
"Patiño, Luis",4/30/2024
"Matz, Steven",4/30/2024
"Hoeing, Bryan",5/1/2024
"Stewart, Brock",5/1/2024
"Musgrove, Joe",5/1/2024
"Waguespack, Jacob",5/2/2024
"Eovaldi, Nathan",5/2/2024
"Phillips, Evan",5/3/2024
"Fujinami, Shintaro",5/3/2024
"Leone, Dominic",5/4/2024
"Matzek, Tyler",5/4/2024
"Dunning, Dane",5/4/2024
"Kelly, Joe",5/5/2024
"Gallegos, Giovanny",5/5/2024
"Boyle, Joe",5/5/2024
"Pepiot, Ryan",5/5/2024
"Palencia, Daniel",5/6/2024
"Saucedo, Tayler",5/7/2024
"Cabrera, Edward",5/7/2024
"Miley, Wade",5/7/2024
"Duarte, Daniel",5/8/2024
"Brash, Matt",5/8/2024
"Sborz, Josh",5/8/2024
"Gibaut, Ian",5/9/2024
"Blackburn, Paul",5/10/2024
"Miller, Shelby",5/11/2024
"Lodolo, Nick",5/11/2024
"Maeda, Kenta",5/11/2024
"Brewer, Colten",5/12/2024
"Winn, Keaton",5/14/2024
"Thompson, Keegan",5/15/2024
"Waldichuk, Ken",5/15/2024
"Wilson, Justin",5/16/2024
"Sheehan, Emmet",5/16/2024
"Bird, Jake",5/17/2024
"Eflin, Zach",5/18/2024
"Wilson, Steven",5/19/2024
"Pagán, Emilio",5/19/2024
"Robertson, Nick",5/19/2024
"Leone, Dominic",5/20/2024
"Hamilton, Ian",5/20/2024
"Kremer, Dean",5/20/2024
"Ross, Joe",5/20/2024
"Gray, Jon",5/21/2024
"Carrasco, Carlos",5/21/2024
"Burdi, Nick",5/23/2024
"Smith-Shawver, AJ",5/23/2024
"Muller, Kyle",5/24/2024
"Stripling, Ross",5/24/2024
"Lawrence, Justin",5/25/2024
"Díaz, Edwin",5/25/2024
"Erceg, Lucas",5/25/2024
"Schmidt, Clarke",5/26/2024
"Pérez, Martín",5/26/2024
"Musgrove, Joe",5/26/2024
"Minter, A.J.",5/29/2024
"Morgan, Eli",5/29/2024
"Raley, Brooks",5/29/2024
"Speier, Gabe",5/29/2024
"Darvish, Yu",5/29/2024
"Gallen, Zac",5/30/2024
"Whitlock, Garrett",5/30/2024
"Williams, Trevor",5/30/2024
"Wacha, Michael",5/31/2024
"Sánchez, Sixto",5/31/2024
"Priester, Quinn",6/2/2024
"Snell, Blake",6/2/2024
"Means, John",6/3/2024
"Faedo, Alex",6/4/2024
"Walston, Blake",6/4/2024
"Herget, Jimmy",6/5/2024
"Urquidy, José",6/5/2024
"Javier, Cristian",6/6/2024
"Lovelady, Richard",6/7/2024
"Weathers, Ryan",6/7/2024
"Pagán, Emilio",6/8/2024
"Brown, Ben",6/8/2024
"Middleton, Keynan",6/11/2024
"Poteet, Cody",6/12/2024
"Stratton, Hunter",6/13/2024
"Cimber, Adam",6/14/2024
"Wicks, Jordan",6/14/2024
"Grove, Michael",6/15/2024
"Verlander, Justin",6/15/2024
"Yamamoto, Yoshinobu",6/15/2024
"Sandlin, Nick",6/16/2024
"Hamilton, Ian",6/16/2024
"García, Yimi",6/16/2024
"Waldrep, Hurston",6/16/2024
"Luzardo, Jesús",6/16/2024
"Harrison, Kyle",6/16/2024
"Winn, Cole",6/17/2024
"Wells, Tyler",6/17/2024
"Soriano, José",6/17/2024
"Garrett, Braxton",6/17/2024
"Manoah, Alek",6/17/2024
"White, Brendan",6/18/2024
"Buehler, Walker",6/18/2024
"Coulombe, Danny",6/19/2024
"Leiter Jr., Mark",6/19/2024
"Altavilla, Dan",6/19/2024
"Reid-Foley, Sean",6/19/2024
"Jiménez, Dany",6/19/2024
"Bednar, David",6/19/2024
"Bradish, Kyle",6/19/2024
"Bloss, Jake",6/21/2024
"Paddack, Chris",6/21/2024
"Walker, Taijuan",6/21/2024
"Bird, Jake",6/22/2024
"Assad, Javier",6/23/2024
"Lodolo, Nick",6/23/2024
"Gasser, Robert",6/24/2024
"Woo, Bryan",6/24/2024
"Thompson, Keegan",6/26/2024
"Ortega, Oliver",6/26/2024
"Cosgrove, Tom",6/26/2024
"Sandoval, Patrick",6/26/2024
"Turnbull, Spencer",6/26/2024
"Montgomery, Jordan",6/27/2024
"Koenig, Jared",6/28/2024
"Mize, Casey",6/30/2024
"Paredes, Enoli",7/2/2024
"France, J.P.",7/2/2024
"Martin, Chris",7/3/2024
"Romano, Jordan",7/3/2024
"Jones, Jared",7/3/2024
"Dunning, Dane",7/3/2024
"Jefferies, Daulton",7/5/2024
"Glasnow, Tyler",7/5/2024
"Brewer, Colten",7/6/2024
"Falter, Bailey",7/6/2024
"Slaten, Justin",7/7/2024
"Ashcraft, Graham",7/7/2024
"Garrett, Reed",7/9/2024
"Peralta, Wandy",7/9/2024
"F. Ortiz, Luis",7/11/2024
"Fried, Max",7/11/2024
"Almonte, Yency",7/12/2024
"Little, Luke",7/12/2024
"Smith, Drew",7/12/2024
"Spiers, Carson",7/12/2024
"Campbell, Isaiah",7/13/2024
"Wantz, Andrew",7/13/2024
"Soroka, Michael",7/14/2024
"Leasure, Jordan",7/14/2024
"Márquez, Germán",7/14/2024
"Paddack, Chris",7/14/2024
"Suter, Brent",7/19/2024
"Wesneski, Hayden",7/19/2024
"Funderburk, Kody",7/20/2024
"Olson, Reese",7/20/2024
"Pepiot, Ryan",7/20/2024
"Miller, Mason",7/22/2024
"Suárez, Ranger",7/22/2024
"Megill, Trevor",7/23/2024
"Hudson, Bryan",7/23/2024
"Núñez, Dedniel",7/23/2024
"Zastryzny, Rob",7/24/2024
"Weems, Jordan",7/24/2024
"Gray, Josiah",7/24/2024
"Senga, Kodai",7/26/2024
"Wood, Alex",7/26/2024
"Schreiber, John",7/28/2024
"López, Reynaldo",7/28/2024
"Gray, Jon",7/28/2024
"Mlodzinski, Carmen",7/29/2024
"Winn, Keaton",7/29/2024
"Jarvis, Bryce",7/30/2024
"Kolek, Stephen",7/30/2024
"Lynn, Lance",7/30/2024
"Scherzer, Max",7/30/2024
"Santos, Gregory",7/31/2024
"Clevinger, Mike",8/1/2024
"Webb, Jacob",8/2/2024
"Latz, Jacob",8/2/2024
"Harvey, Hunter",8/4/2024
"Treinen, Blake",8/4/2024
"Graterol, Brusdar",8/6/2024
"Holderman, Colin",8/7/2024
"Sborz, Josh",8/7/2024
"Rodriguez, Grayson",8/7/2024
"Carrasco, Carlos",8/7/2024
"Feltner, Ryan",8/7/2024
"Ryan, Joe",8/7/2024
"Medina, Luis",8/7/2024
"Milner, Hoby",8/8/2024
"Criswell, Cooper",8/9/2024
"Bender, Anthony",8/10/2024
"Roa, Christian",8/10/2024
"Hudson, Dakota",8/10/2024
"Brito, Jhony",8/10/2024
"Paxton, James",8/11/2024
"Glasnow, Tyler",8/11/2024
"Booser, Cam",8/13/2024
"Pressly, Ryan",8/13/2024
"Adams, Austin",8/13/2024
"Rodríguez, Randy",8/13/2024
"Greene, Hunter",8/13/2024
"Leone, Dominic",8/14/2024
"Wilson, Steven",8/14/2024
"Cobb, Alex",8/14/2024
"Littell, Zack",8/14/2024
"Eflin, Zach",8/15/2024
"Law, Derek",8/16/2024
"Soriano, José",8/16/2024
"Alexander, Scott",8/17/2024
"Fairbanks, Pete",8/18/2024
"Abbott, Andrew",8/18/2024
"Mahle, Tyler",8/18/2024
"García, Yimi",8/19/2024
"Lambert, Jimmy",8/20/2024
"Vodnik, Victor",8/20/2024
"Faedo, Alex",8/20/2024
"Gil, Luis",8/20/2024
"Minter, A.J.",8/21/2024
"Nardi, Andrew",8/21/2024
"Mears, Nick",8/22/2024
"Adon, Joan",8/22/2024
"Lodolo, Nick",8/22/2024
"Blackburn, Paul",8/23/2024
"Núñez, Dedniel",8/24/2024
"Hicks, Jordan",8/24/2024
"Fulmer, Carson",8/24/2024
"Sims, Lucas",8/25/2024
"Merryweather, Julian",8/25/2024
"Gilbreath, Lucas",8/25/2024
"Smith, Will",8/25/2024
"Moore, Matt",8/25/2024
"Ray, Robbie",8/25/2024
"García, Luis",8/26/2024
"Stratton, Hunter",8/26/2024
"Heller, Ben",8/27/2024
"Poche, Colin",8/27/2024
"Steele, Justin",8/27/2024
"Quantrill, Cal",8/27/2024
"Lorenzen, Michael",8/27/2024
"Kelly, Joe",8/30/2024
"Kershaw, Clayton",8/30/2024
"Gray, Jon",8/30/2024
"Wilson, Bryse",9/1/2024
"Cobb, Alex",9/1/2024
"López, Jorge",9/2/2024
"Joyce, Ben",9/3/2024
"Meyer, Max",9/3/2024
"Harrison, Kyle",9/3/2024
"Springs, Jeffrey",9/3/2024
"Faucher, Calvin",9/4/2024
"Anderson, Grant",9/4/2024
"Moll, Sam",9/7/2024
"Bush, Ky",9/7/2024
"Thorpe, Drew",9/7/2024
"Bido, Osvaldo",9/7/2024
"Sewald, Paul",9/8/2024
"Stripling, Ross",9/8/2024
"Nelson, Ryne",9/8/2024
"Castillo, Luis",9/8/2024
"Banda, Anthony",9/9/2024
"Bernardino, Brennan",9/10/2024
"López, Reynaldo",9/10/2024
"Foster, Matt",9/11/2024
"McMillon, John",9/11/2024
"Stratton, Chris",9/13/2024
"Ureña, José",9/13/2024
"Gonzales, Marco",9/13/2024
"Marte, José",9/14/2024
"Hicks, Jordan",9/14/2024
"Scherzer, Max",9/14/2024
"Scott, Tayler",9/16/2024
"McArthur, James",9/16/2024
"Nicolas, Kyle",9/16/2024
"Smith, Burch",9/17/2024
"Wicks, Jordan",9/17/2024
"Lynn, Lance",9/17/2024
"Hentges, Sam",9/18/2024
"Kinley, Tyler",9/18/2024
"Cortes, Nestor",9/18/2024
"Gray, Sonny",9/18/2024
"López, Jorge",9/19/2024
"Aguiar, Julian",9/19/2024
"Cousins, Jake",9/20/2024
"Romero, JoJo",9/21/2024
"Jansen, Kenley",9/22/2024
"Miller, Bryce",9/23/2024
"Honeywell, Brent",9/24/2024
"Graterol, Brusdar",9/24/2024
"Sborz, Josh",9/24/2024
"Cronin, Declan",9/25/2024
"Stone, Gavin",10/9/2024
"Lynn, Lance",04/01/2022
"Foster, Matt",04/01/2023
"Foster, Matt",04/01/2023
"Coleman, Carson",04/01/2023
"Bard, Daniel",04/01/2024
"Loáisiga, Jonathan",04/01/2024
"Rodríguez, Joely",04/01/2020
"Rodríguez, Joely",04/01/2020
"Helsley, Ryan",08/01/2020
"Gomber, Austin",08/01/2020
"Helsley, Ryan",08/01/2020
"Gomber, Austin",08/01/2020
"Nelson, Jimmy",08/01/2021
"Pomeranz, Drew",08/01/2021
"Nelson, Jimmy",08/01/2021
"Campbell, Paul",08/01/2022
"VerHagen, Drew",08/01/2022
"Alzolay, Adbert",08/01/2024
"Stewart, Brock",08/01/2024
"Ryan, River",08/01/2024
"Enright, Nic",12/01/2022
"Winder, Josh",12/01/2022
"Effross, Scott",12/01/2023
"Sims, Lucas",02/01/2022
"Reyes, Alex",02/01/2022
"Alzolay, Adbert",02/01/2022
"Canning, Griffin",02/01/2022
"Flaherty, Jack",02/01/2022
"Morris, Cody",02/01/2023
"Mushinski, Parker",02/01/2023
"Nance, Tommy",02/01/2023
"Kahnle, Tommy",02/01/2023
"Armstrong, Shawn",02/01/2023
"Bello, Brayan",02/01/2023
"Zerpa, Angel",02/01/2023
"Daniel, Davis",02/01/2023
"Henriquez, Ronny",02/01/2023
"Moll, Sam",02/01/2024
"Young, Alex",02/01/2024
"Karinchak, James",02/01/2024
"Hernández, Carlos",02/01/2024
"Chargois, JT",02/01/2024
"Thielbar, Caleb",02/01/2024
"Weiss, Zack",02/01/2024
"Moore, McKinley",02/01/2024
"Bazardo, Eduard",02/01/2024
"Verlander, Justin",02/01/2024
"Dubin, Shawn",02/01/2024
"Garrett, Braxton",02/01/2024
"Miley, Wade",02/01/2024
"Otto, Glenn",02/01/2024
"Hendriks, Liam",01/01/2023
"Martin, Brett",01/01/2023
"Wright, Kyle",01/01/2023
"Alexander, Jason",01/01/2023
"Graveman, Kendall",01/01/2024
"Bradish, Kyle",01/01/2024
"Sims, Lucas",07/01/2022
"Rosenthal, Trevor",07/01/2022
"Sims, Lucas",07/01/2022
"Coulombe, Danny",07/01/2022
"Doolittle, Sean",07/01/2022
"Staumont, Josh",07/01/2023
"Knehr, Reiss",07/01/2023
"Rucinski, Drew",07/01/2023
"Rasmussen, Drew",07/01/2023
"Rasmussen, Drew",07/01/2023
"Kerr, Ray",07/01/2024
"Hirano, Yoshihisa",06/01/2020
"Hirano, Yoshihisa",06/01/2020
"Rolison, Ryan",06/01/2022
"Santillan, Tony",06/01/2022
"Rolison, Ryan",06/01/2022
"Hudson, Daniel",06/01/2022
"Reyes, Alex",06/01/2023
"Murfee, Penn",06/01/2023
"Arano, Víctor",06/01/2023
"Murfee, Penn",06/01/2023
"Martin, Chris",06/01/2024
"Walker, Jeremy",03/01/2020
"Walker, Jeremy",03/01/2020
"Funkhouser, Kyle",03/01/2022
"Jackson, Jay",03/01/2022
"Taylor, Josh",03/01/2022
"Karinchak, James",03/01/2022
"Lambert, Peter",03/01/2022
"Floro, Dylan",03/01/2022
"Reed, Jake",03/01/2022
"Ridings, Stephen",03/01/2022
"Sadler, Casey",03/01/2022
"Sale, Chris",03/01/2022
"Miley, Wade",03/01/2022
"Minor, Mike",03/01/2022
"Castillo, Luis",03/01/2022
"Morris, Cody",03/01/2022
"Olivárez, Helcris",03/01/2022
"Criswell, Cooper",03/01/2022
"Germán, Domingo",03/01/2022
"Romero, Seth",03/01/2022
"Kaprielian, James",03/01/2022
"Honeywell, Brent",03/01/2022
"Oviedo, Luis",03/01/2022
"Kranick, Max",03/01/2022
"Bard, Daniel",03/01/2023
"Marte, José",03/01/2023
"Ridings, Stephen",03/01/2023
"Stephan, Trevor",03/01/2024
"Holderman, Colin",03/01/2024
"A. Ferrer, Jose",03/01/2024
"Lively, Ben",03/01/2024
"Curry, Xzavion",03/01/2024
"Lorenzen, Michael",03/01/2024
"Zuber, Tyler",05/01/2022
"Coonrod, Sam",05/01/2023
"McGee, Easton",05/01/2023
"Nelson, Kyle",05/01/2024
"Rom, Drew",05/01/2024
"Tate, Dillon",11/01/2022
"Adams, Austin",10/01/2019
"Adams, Austin",10/01/2019
"Duffy, Danny",10/01/2021
"Rodriguez, Chris",10/01/2021
"Rodriguez, Chris",10/01/2021
"Effross, Scott",10/01/2022
"Means, John",10/01/2023
"Topa, Justin",09/01/2021
"Curtiss, John",09/01/2021
"Chirinos, Yonny",09/01/2021
"Warren, Art",09/01/2022
"James, Josh",09/01/2022
"Senzatela, Antonio",09/01/2022
"Jameson, Drey",09/01/2023
"Dunn, Justin",09/01/2023
"Winder, Josh",09/01/2023
"Bachman, Sam",09/01/2023
"Williamson, Brandon",09/01/2024
"Scott, Christian",09/01/2024
"Heller, Ben",09/01/2020
"Rodríguez, Manuel",09/01/2020
"Rodriguez, Jefry",09/01/2020
"Oberg, Scott",09/01/2020
"Heller, Ben",09/01/2020
"Rodríguez, Manuel",09/01/2020
"Rodriguez, Jefry",09/01/2020
"Oberg, Scott",09/01/2020
